{
  "input_dir": "/media/max/Data/datasets/mp_all",
  "num_cif_files": 154875,
  "parsed_files": 154875,
  "counts": {
    "a": 154875,
    "b": 154875,
    "c": 154875,
    "alpha": 154875,
    "beta": 154875,
    "gamma": 154875
  },
  "missing_counts": {
    "a": 0,
    "b": 0,
    "c": 0,
    "alpha": 0,
    "beta": 0,
    "gamma": 0
  },
  "stats": {
    "a": {
      "min": 1.27228555,
      "max": 87.27039519,
      "mean": 7.877615036517837,
      "std": 3.826939252135594
    },
    "b": {
      "min": 1.520366,
      "max": 136.716528,
      "mean": 7.973804705132204,
      "std": 3.9265665820787645
    },
    "c": {
      "min": 0.97936888,
      "max": 436.62754345,
      "mean": 11.096042679373301,
      "std": 7.9895312214770895
    },
    "alpha": {
      "min": 60.00406653,
      "max": 119.99999969,
      "mean": 89.98119379877107,
      "std": 5.09105266496738
    },
    "beta": {
      "min": 60.03586387,
      "max": 135.05983609,
      "mean": 93.76369886589366,
      "std": 10.095241335612046
    },
    "gamma": {
      "min": 59.9731362,
      "max": 120.0,
      "mean": 94.24854332718805,
      "std": 12.871430052389005
    }
  },
  "output_dir": "/media/max/Data/projects/XRDT/eval_results/cif_cell_param_stats_20251009_152802"
}